{"A":{"0":0.4233164631,"1":0.9889028572,"2":-0.0628583248,"3":2.0891302009,"4":-1.081332878,"5":0.0133058809,"6":-0.3063111051,"7":0.562534575,"8":-0.6522870633,"9":0.6949944617},"B":{"0":1.1285162749,"1":-1.8222896826,"2":-0.5879663873,"3":-0.5002712275,"4":-1.5902703861,"5":0.1767885349,"6":2.0236902337,"7":0.0288412741,"8":0.9822288854,"9":-0.5415108223},"C":{"0":0.1431947988,"1":0.8897230283,"2":-0.5436270186,"3":-1.0906795697,"4":1.3557496674,"5":-1.2377863932,"6":0.9127223026,"7":-1.1269611471,"8":1.1772809721,"9":-0.0666884078},"D":{"0":-1.4123645347,"1":-0.9967536973,"2":-0.3845884974,"3":-0.335302698,"4":-0.348654116,"5":-0.4119096261,"6":0.4743388227,"7":0.2464037076,"8":-0.7352919403,"9":0.3350891122},"E":{"0":0.9487793268,"1":-0.9518928277,"2":1.2622425425,"3":-1.0621435193,"4":-0.4652896269,"5":2.2849142188,"6":0.6567092771,"7":1.1754914558,"8":2.5974023382,"9":0.3450399445}}